Brand,Model,Green Ticks,Cooling Capacity (kW),Full Load COP,COP at 75% Part Load,COP at 50% Part Load,COP at 25% Part Load,IEER,Annual Energy Consumption (kWh),Annual Energy Cost ($),Date of Expiry,Number of Indoor Units Used for Test,Model No. of Indoor Units Used for Test
Daikin,RWHQ12TYM,2,32.32,3.75,4.74,5.81,5.64,5.09,2100,2100,31/03/2027,6,"FXFQ50SVM, FXFQ50SVM, FXFQ50SVM, FXFQ50SVM, FXFQ50SVM, FXFQ50SVM"
Daikin,RWHQ18TYM,1,48.27,3.01,3.90,4.94,5.75,4.36,3754,3754,31/03/2027,9,"FXFQ50SVM, FXFQ50SVM, FXFQ50SVM, FXFQ50SVM, FXFQ50SVM, FXFQ50SVM, FXFQ50SVM, FXFQ50SVM, FXFQ50SVM"
Daikin,RSUQ7AYM,2,19.40,3.46,4.31,5.43,6.33,4.81,1474,1474,31/03/2027,4,"FXFSQ50AVM, FXFSQ50AVM, FXFSQ50AVM, FXFSQ25AVM"
Daikin,RXQ16AYMW,1,43.42,3.22,4.11,4.89,5.35,4.43,2789,2789,31/03/2027,8,"FXFSQ50AVM, FXFSQ50AVM, FXFSQ50AVM, FXFSQ50AVM, FXFSQ50AVM, FXFSQ50AVM, FXFSQ50AVM, FXFSQ50AVM"
Daikin,RXQ12AYMW,3,32.33,3.49,4.88,6.19,5.97,5.30,1775,1775,31/03/2027,6,"FXFSQ50AVM, FXFSQ50AVM, FXFSQ50AVM, FXFSQ50AVM, FXFSQ50AVM, FXFSQ50AVM"
Daikin,RXQ6AYMW,3,15.45,4.45,5.52,6.05,3.22,5.34,830,830,31/03/2027,3,"FXFSQ50AVM, FXFSQ50AVM, FXFSQ50AVM"
Daikin,RXQ20AYM,1,54.04,2.96,4.08,4.87,5.09,4.37,3489,3489,31/03/2027,10,"FXFSQ50AVM, FXFSQ50AVM, FXFSQ50AVM, FXFSQ50AVM, FXFSQ50AVM, FXFSQ50AVM, FXFSQ50AVM, FXFSQ50AVM, FXFSQ50AVM, FXFSQ50AVM"
Daikin,RXQ8AYMW,2,21.62,3.93,5.02,5.66,3.02,4.90,1226,1226,31/03/2027,4,"FXFSQ50AVM, FXFSQ50AVM, FXFSQ50AVM, FXFSQ50AVM"
Daikin,RQQ14TYM,1,38.60,3.62,4.41,5.30,3.42,4.48,2938,2938,31/03/2027,7,"FXFQ50SVM, FXFQ50SVM, FXFQ50SVM, FXFQ50SVM, FXFQ50SVM, FXFQ50SVM, FXFQ50SVM"
Daikin,RXQ18AYM,1,48.27,2.97,4.18,4.63,5.08,4.38,3099,3099,31/03/2027,9,"FXFSQ50AVM, FXFSQ50AVM, FXFSQ50AVM, FXFSQ50AVM, FXFSQ50AVM, FXFSQ50AVM, FXFSQ50AVM, FXFSQ50AVM, FXFSQ50AVM"
Daikin,RXUQ14AYMW,3,38.60,3.80,5.06,6.57,6.46,5.57,2064,2064,31/03/2027,7,"FXFSQ50AVM, FXFSQ50AVM, FXFSQ50AVM, FXFSQ50AVM, FXFSQ50AVM, FXFSQ50AVM, FXFSQ50AVM"
Daikin,RXUQ8AYM,5,21.62,4.44,5.83,6.74,7.18,6.19,1045,1045,31/03/2027,4,"FXFSQ50AVM, FXFSQ50AVM, FXFSQ50AVM, FXFSQ50AVM"
Daikin,RXUQ12AYMW,4,32.33,3.96,5.43,6.81,5.24,5.71,1640,1640,31/03/2027,6,"FXFSQ50AVM, FXFSQ50AVM, FXFSQ50AVM, FXFSQ50AVM, FXFSQ50AVM, FXFSQ50AVM"
Daikin,RQQ20TYM,1,54.04,2.97,4.18,5.14,3.92,4.35,4001,4001,31/03/2027,10,"FXFQ50SVM, FXFQ50SVM, FXFQ50SVM, FXFQ50SVM, FXFQ50SVM, FXFQ50SVM, FXFQ50SVM, FXFQ50SVM, FXFQ50SVM, FXFQ50SVM"
Daikin,RXQ14AYM,2,38.61,3.68,4.70,6.06,5.91,5.15,2162,2162,31/03/2027,7,"FXFSQ50AVM, FXFSQ50AVM, FXFSQ50AVM, FXFSQ50AVM, FXFSQ50AVM, FXFSQ50AVM, FXFSQ50AVM"
Daikin,RXQ6AYM,3,15.45,4.45,5.52,6.05,3.22,5.34,872,872,31/03/2027,3,"FXFSQ50AVM, FXFSQ50AVM, FXFSQ50AVM"
Daikin,RWHQ14TYM,1,38.60,3.67,4.33,5.33,6.13,4.78,2903,2903,31/03/2027,7,"FXFQ50SVM, FXFQ50SVM, FXFQ50SVM, FXFQ50SVM, FXFQ50SVM, FXFQ50SVM, FXFQ50SVM"
Daikin,RWHQ16TYM,1,43.42,3.31,3.95,4.94,5.71,4.39,3402,3402,31/03/2027,8,"FXFQ50SVM, FXFQ50SVM, FXFQ50SVM, FXFQ50SVM, FXFQ50SVM, FXFQ50SVM, FXFQ50SVM, FXFQ50SVM"
Daikin,RXUQ18AYMW,2,48.25,3.56,4.82,5.82,5.54,5.12,2718,2718,31/03/2027,9,"FXFSQ50AVM, FXFSQ50AVM, FXFSQ50AVM, FXFSQ50AVM, FXFSQ50AVM, FXFSQ50AVM, FXFSQ50AVM, FXFSQ50AVM, FXFSQ50AVM"
Daikin,RXUQ12AYM,4,32.33,3.96,5.43,6.81,5.24,5.71,1640,1640,31/03/2027,6,"FXFSQ50AVM, FXFSQ50AVM, FXFSQ50AVM, FXFSQ50AVM, FXFSQ50AVM, FXFSQ50AVM"
Daikin,RXUQ20AYMW,2,54.05,3.43,4.62,5.65,5.40,4.94,3134,3134,31/03/2027,10,"FXFSQ50AVM, FXFSQ50AVM, FXFSQ50AVM, FXFSQ50AVM, FXFSQ50AVM, FXFSQ50AVM, FXFSQ50AVM, FXFSQ50AVM, FXFSQ50AVM, FXFSQ50AVM"
Daikin,RXUQ6AYM,5,15.44,4.74,6.13,6.67,6.84,6.32,741,741,31/03/2027,3,"FXFSQ50AVM, FXFSQ50AVM, FXFSQ50AVM"
Daikin,RXUQ18AYM,2,48.25,3.56,4.82,5.82,5.54,5.12,2718,2718,31/03/2027,9,"FXFSQ50AVM, FXFSQ50AVM, FXFSQ50AVM, FXFSQ50AVM, FXFSQ50AVM, FXFSQ50AVM, FXFSQ50AVM, FXFSQ50AVM, FXFSQ50AVM"
Daikin,RSUQ8AYM,1,21.73,3.20,4.12,5.31,6.22,4.65,1646,1646,31/03/2027,4,"FXFSQ50AVM, FXFSQ50AVM, FXFSQ50AVM, FXFSQ50AVM"
Daikin,RXMQ9AY1,1,23.16,3.46,4.09,5.19,5.71,4.54,1523,1523,31/03/2027,5,"FXFQ25SVM, FXFQ50SVM, FXFQ50SVM, FXFQ50SVM, FXFQ50SVM"
Daikin,RXUQ14AYM,3,38.60,3.80,5.06,6.57,6.46,5.57,2064,2064,31/03/2027,7,"FXFSQ50AVM, FXFSQ50AVM, FXFSQ50AVM, FXFSQ50AVM, FXFSQ50AVM, FXFSQ50AVM, FXFSQ50AVM"
Daikin,RWHQ10TYM,2,27.02,3.78,4.98,6.04,4.55,5.15,1763,1763,31/03/2027,5,"FXFQ50SVM, FXFQ50SVM, FXFQ50SVM, FXFQ50SVM, FXFQ50SVM"
Daikin,RXQ20AYMW,1,54.04,2.96,4.08,4.87,5.09,4.37,3489,3489,31/03/2027,10,"FXFSQ50AVM, FXFSQ50AVM, FXFSQ50AVM, FXFSQ50AVM, FXFSQ50AVM, FXFSQ50AVM, FXFSQ50AVM, FXFSQ50AVM, FXFSQ50AVM, FXFSQ50AVM"
Daikin,RQQ12TYM,1,32.33,3.72,4.52,5.41,3.23,4.55,2224,2224,31/03/2027,6,"FXFQ50SVM, FXFQ50SVM, FXFQ50SVM, FXFQ50SVM, FXFQ50SVM, FXFQ50SVM"
Daikin,RXQ16AYM,1,43.42,3.22,4.11,4.89,5.35,4.43,2789,2789,31/03/2027,8,"FXFSQ50AVM, FXFSQ50AVM, FXFSQ50AVM, FXFSQ50AVM, FXFSQ50AVM, FXFSQ50AVM, FXFSQ50AVM, FXFSQ50AVM"
Daikin,RQQ8TYM,2,21.62,3.90,4.88,5.78,3.64,4.92,1508,1508,31/03/2027,4,"FXFQ50SVM, FXFQ50SVM, FXFQ50SVM, FXFQ50SVM"
Daikin,RXQ10AYMW,3,27.02,3.89,5.11,6.54,6.27,5.57,1429,1429,31/03/2027,5,"FXFSQ50AVM, FXFSQ50AVM, FXFSQ50AVM, FXFSQ50AVM, FXFSQ50AVM"
Daikin,RXQ18AYMW,1,48.27,2.97,4.18,4.63,5.08,4.38,3099,3099,31/03/2027,9,"FXFSQ50AVM, FXFSQ50AVM, FXFSQ50AVM, FXFSQ50AVM, FXFSQ50AVM, FXFSQ50AVM, FXFSQ50AVM, FXFSQ50AVM, FXFSQ50AVM"
Daikin,RQQ10TYM,1,27.02,4.18,4.59,5.35,3.32,4.60,1888,1888,31/03/2027,5,"FXFQ50SVM, FXFQ50SVM, FXFQ50SVM, FXFQ50SVM, FXFQ50SVM"
Daikin,RXQ8AYM,2,21.62,3.93,5.02,5.66,3.02,4.90,1226,1226,31/03/2027,4,"FXFSQ50AVM, FXFSQ50AVM, FXFSQ50AVM, FXFSQ50AVM"
Daikin,RXUQ8AYMW,5,21.62,4.44,5.83,6.74,7.18,6.19,1045,1045,31/03/2027,4,"FXFSQ50AVM, FXFSQ50AVM, FXFSQ50AVM, FXFSQ50AVM"
Daikin,RXQ12AYM,3,32.33,3.49,4.88,6.19,5.97,5.30,1775,1775,31/03/2027,6,"FXFSQ50AVM, FXFSQ50AVM, FXFSQ50AVM, FXFSQ50AVM, FXFSQ50AVM, FXFSQ50AVM"
Daikin,RWHQ20TYM,1,54.06,2.98,3.89,4.96,5.71,4.35,4134,4134,31/03/2027,10,"FXFQ50SVM, FXFQ50SVM, FXFQ50SVM, FXFQ50SVM, FXFQ50SVM, FXFQ50SVM, FXFQ50SVM, FXFQ50SVM, FXFQ50SVM, FXFQ50SVM"
Daikin,RXUQ20AYM,2,54.05,3.43,4.62,5.65,5.40,4.94,3134,3134,31/03/2027,10,"FXFSQ50AVM, FXFSQ50AVM, FXFSQ50AVM, FXFSQ50AVM, FXFSQ50AVM, FXFSQ50AVM, FXFSQ50AVM, FXFSQ50AVM, FXFSQ50AVM, FXFSQ50AVM"
Daikin,RXUQ16AYM,3,43.42,3.57,4.99,6.51,6.13,5.47,2311,2311,31/03/2027,8,"FXFSQ50AVM, FXFSQ50AVM, FXFSQ50AVM, FXFSQ50AVM, FXFSQ50AVM, FXFSQ50AVM, FXFSQ50AVM, FXFSQ50AVM"
Daikin,RXQ14AYMW,2,38.61,3.68,4.70,6.06,5.91,5.15,2162,2162,31/03/2027,7,"FXFSQ50AVM, FXFSQ50AVM, FXFSQ50AVM, FXFSQ50AVM, FXFSQ50AVM, FXFSQ50AVM, FXFSQ50AVM"
Daikin,RXQ10AYM,3,27.02,3.89,5.11,6.54,6.27,5.57,1429,1429,31/03/2027,5,"FXFSQ50AVM, FXFSQ50AVM, FXFSQ50AVM, FXFSQ50AVM, FXFSQ50AVM"
Daikin,RXUQ10AYM,5,27.02,4.28,5.69,6.83,7.41,6.15,1317,1317,31/03/2027,5,"FXFSQ50AVM, FXFSQ50AVM, FXFSQ50AVM, FXFSQ50AVM, FXFSQ50AVM"
Daikin,RWHQ6TYM,2,15.44,4.23,5.29,5.86,3.86,5.23,1123,1123,31/03/2027,3,"FXFQ50SVM, FXFQ50SVM, FXFQ50SVM"
Daikin,RSUQ9AYM,1,23.28,3.15,4.17,5.31,6.19,4.67,1752,1752,31/03/2027,5,"FXFSQ50AVM, FXFSQ50AVM, FXFSQ50AVM, FXFSQ50AVM, FXFSQ25AVM"
Daikin,RXUQ10AYMW,5,27.02,4.28,5.69,6.83,7.41,6.15,1317,1317,31/03/2027,5,"FXFSQ50AVM, FXFSQ50AVM, FXFSQ50AVM, FXFSQ50AVM, FXFSQ50AVM"
Daikin,RWHQ8TYM,2,21.62,3.97,4.72,5.69,3.93,4.84,1530,1530,31/03/2027,4,"FXFQ50SVM, FXFQ50SVM, FXFQ50SVM, FXFQ50SVM"
Daikin,RQQ16TYM,1,43.43,3.28,4.36,5.27,3.46,4.44,3260,3260,31/03/2027,8,"FXFQ50SVM, FXFQ50SVM, FXFQ50SVM, FXFQ50SVM, FXFQ50SVM, FXFQ50SVM, FXFQ50SVM, FXFQ50SVM"
Daikin,RXUQ16AYMW,3,43.42,3.57,4.99,6.51,6.13,5.47,2311,2311,31/03/2027,8,"FXFSQ50AVM, FXFSQ50AVM, FXFSQ50AVM, FXFSQ50AVM, FXFSQ50AVM, FXFSQ50AVM, FXFSQ50AVM, FXFSQ50AVM"
Daikin,RXMQ8AY1,1,21.62,3.60,4.08,5.05,5.49,4.48,1404,1404,31/03/2027,4,"FXFQ50SVM, FXFQ50SVM, FXFQ50SVM, FXFQ50SVM"
Daikin,RQQ6TYM,2,15.44,4.37,5.20,6.05,3.68,5.20,1129,1129,31/03/2027,3,"FXFQ50SVM, FXFQ50SVM, FXFQ50SVM"
Daikin,RQQ18TYM,1,48.25,2.98,4.31,5.20,3.69,4.42,3587,3587,31/03/2027,9,"FXFQ50SVM, FXFQ50SVM, FXFQ50SVM, FXFQ50SVM, FXFQ50SVM, FXFQ50SVM, FXFQ50SVM, FXFQ50SVM, FXFQ50SVM"
Daikin,RXUQ6AYMW,5,15.44,4.74,6.13,6.67,6.84,6.32,741,741,31/03/2027,3,"FXFSQ50AVM, FXFSQ50AVM, FXFSQ50AVM"
Fujitsu,AJA040LELBH,3,12.30,4.77,5.76,6.20,3.61,5.58,935,935,31/03/2027,4,"AUXN009GLAH, AUXN009GLAH, AUXN009GLAH, AUXN012GLAH"
Fujitsu,AJA108LELBH,2,33.53,3.15,4.35,5.45,6.18,4.82,2259,2259,31/03/2027,6,"AUXK018GLEH, AUXK018GLEH, AUXK018GLEH, AUXK018GLEH, AUXK018GLEH, AUXK018GLEH"
Fujitsu,AJA090LELBH,2,28.86,3.26,4.43,5.78,6.22,4.95,1900,1900,31/03/2027,4,"AUXK018GLEH, AUXK018GLEH, AUXK030GLEH, AUXK030GLEH"
Fujitsu,AJA144LELBH,1,45.40,3.01,4.04,5.17,6.30,4.57,2980,2980,31/03/2027,6,"AUXK030GLEH, AUXK030GLEH, AUXK030GLEH, AUXK030GLEH, AUXK018GLEH, AUXK018GLEH"
Fujitsu,AJA072LNTCH,2,21.34,3.92,4.82,5.77,3.42,4.85,1871,1871,31/03/2027,4,"AUXA18GALH, AUXA18GALH, AUXA18GALH, AUXA18GALH"
Fujitsu,AJA108LNTCH,1,32.61,3.62,4.62,5.58,3.68,4.71,2618,2618,31/03/2027,6,"AUXA18GALH, AUXA18GALH, AUXA18GALH, AUXA18GALH, AUXA18GALH, AUXA18GALH"
Fujitsu,AJA090LNTCH,1,27.11,3.53,4.59,5.53,4.35,4.76,2249,2249,31/03/2027,5,"AUXA18GALH, AUXA18GALH, AUXA18GALH, AUXA18GALH, AUXA18GALH"
Fujitsu,AJA054LELBH,2,15.66,4.01,5.13,6.10,4.16,5.22,1135,1135,31/03/2027,4,"AUXN012GLAH, AUXN012GLAH, AUXN012GLAH, AUXN014GLAH"
Fujitsu,AJA126LNTCH,1,38.39,3.39,4.22,5.27,5.28,4.59,3156,3156,31/03/2027,7,"AUXA18GALH, AUXA18GALH, AUXA18GALH, AUXA18GALH, AUXA18GALH, AUXA18GALH, AUXA18GALH"
Fujitsu,AJA126LELBH,2,40.02,3.26,4.41,5.34,6.21,4.83,2575,2575,31/03/2027,6,"AUXK030GLEH, AUXK030GLEH, AUXK018GLEH, AUXK018GLEH, AUXK018GLEH, AUXK018GLEH"
Fujitsu,AJA045LELBH,3,14.11,4.42,5.56,6.41,3.99,5.54,1020,1020,31/03/2027,4,"AUXN012GLAH, AUXN012GLAH, AUXN012GLAH, AUXN012GLAH"
Fujitsu,AJA072LELBH,2,22.47,3.54,4.75,5.93,5.26,5.07,1554,1554,31/03/2027,4,"AUXK18GLEH, AUXK18GLEH, AUXK18GLEH, AUXK18GLEH"
Fujitsu,AJA144LNTCH,1,43.20,3.17,4.09,5.32,5.71,4.57,3533,3533,31/03/2027,8,"AUXA18GALH, AUXA18GALH, AUXA18GALH, AUXA18GALH, AUXA18GALH, AUXA18GALH, AUXA18GALH, AUXA18GALH"
GREE,GMVL-224WM/G-X(P),3,22.02,4.71,5.16,5.88,5.35,5.35,1062,1062,30/03/2025,12,"GMV-ND18T/C2-T, GMV-ND18T/C2-T, GMV-ND18T/C2-T, GMV-ND18T/C2-T, GMV-ND18T/C2-T, GMV-ND18T/C2-T, GMV-ND18T/C2-T, GMV-ND18T/C2-T, GMV-ND18T/C2-T, GMV-ND18T/C2-T, GMV-ND18T/C2-T, GMV-ND18T/C2-T"
GREE,GMVL-280WM/G-X(P),3,27.16,4.27,5.02,5.74,5.73,5.27,1324,1324,30/03/2025,12,"GMV-ND36T/C2-T, GMV-ND36T/C2-T, GMV-ND36T/C2-T, GMV-ND36T/C2-T, GMV-ND18T/C2-T , GMV-ND18T/C2-T , GMV-ND18T/C2-T , GMV-ND18T/C2-T , GMV-ND18T/C2-T , GMV-ND18T/C2-T , GMV-ND18T/C2-T , GMV-ND18T/C2-T "
GREE,GMV-Y335WM/C-X,2,33.00,3.88,4.56,5.36,5.35,4.84,2088,2088,20/08/2024,12,"GMV-ND28T/C2-T, GMV-ND28T/C2-T, GMV-ND28T/C2-T, GMV-ND28T/C2-T, GMV-ND28T/C2-T, GMV-ND28T/C2-T, GMV-ND28T/C2-T, GMV-ND28T/C2-T, GMV-ND28T/C2-T, GMV-ND28T/C2-T, GMV-ND28T/C2-T, GMV-ND28T/C2-T"
GREE,GMVL-335WM/G-X(P),2,32.77,3.91,4.61,5.28,5.51,4.87,1698,1698,30/03/2025,12,"GMV-ND36T/C2-T , GMV-ND36T/C2-T , GMV-ND36T/C2-T , GMV-ND36T/C2-T , GMV-ND36T/C2-T , GMV-ND36T/C2-T , GMV-ND18T/C2-T , GMV-ND18T/C2-T , GMV-ND18T/C2-T , GMV-ND18T/C2-T , GMV-ND18T/C2-T , GMV-ND18T/C2-T "
GREE,GMV-Y280WM/D-X(S),2,27.16,4.07,4.78,5.47,5.45,5.01,1724,1724,11/05/2026,12,"GMV-ND36T/C2-T, GMV-ND36T/C2-T, GMV-ND36T/C2-T, GMV-ND36T/C2-T, GMV-ND18T/C2-T, GMV-ND18T/C2-T, GMV-ND18T/C2-T, GMV-ND18T/C2-T, GMV-ND18T/C2-T, GMV-ND18T/C2-T, GMV-ND18T/C2-T, GMV-ND18T/C2-T"
Hitachi,RAS-120HNCBLW,3,32.85,4.66,5.06,5.83,5.39,5.28,1918,1918,24/09/2025,9,"RCI-1.3FSKDN1Q, RCI-1.3FSKDN1Q, RCI-1.3FSKDN1Q, RCI-1.3FSKDN1Q, RCI-1.3FSKDN1Q, RCI-1.3FSKDN1Q, RCI-1.3FSKDN1Q, RCI-1.3FSKDN1Q, RCI-1.3FSKDN1Q"
Hitachi,RAS-20HNBBMQ,1,54.91,3.63,4.34,5.10,5.48,4.65,3632,3632,19/04/2027,16,"RCI- 1.0FSKDNQ, RCI- 1.0FSKDNQ, RCI- 1.0FSKDNQ, RCI- 2.0FSKDNQ, RCI- 1.0FSKDNQ, RCI- 1.0FSKDNQ, RCI- 1.0FSKDNQ, RCI- 3.0FSKDNQ, RCI- 1.0FSKDNQ, RCI- 1.0FSKDNQ, RCI- 1.0FSKDNQ, RCI- 1.0FSKDNQ, RCI- 1.0FSKDNQ, RCI- 1.0FSKDNQ, RCI- 1.0FSKDNQ, RCI- 3.0FSKDNQ"
Hitachi,RAS-220HNCBLW,2,59.72,3.86,4.59,5.41,6.44,5.00,3598,3598,25/09/2025,12,"RCI-1.5FSKDN1Q, RCI-2.0FSKDN1Q, RCI-2.5FSKDN1Q, RCI-1.5FSKDN1Q, RCI-2.0FSKDN1Q, RCI-2.5FSKDN1Q, RCI-1.5FSKDN1Q, RCI-1.5FSKDN1Q, RCI-2.5FSKDN1Q, RCI-1.5FSKDN1Q, RCI-1.5FSKDN1Q, RCI-2.5FSKDN1Q"
Hitachi,RAS-8.0HNBBMQ,2,21.94,4.12,4.66,5.44,4.80,4.85,1434,1434,07/04/2027,6,"RCI-1.0FSKDNQ, RCI-1.0FSKDNQ, RCI-1.5FSKDNQ, RCI-1.0FSKDNQ, RCI-1.0FSKDNQ, RCI-3.0FSKDNQ"
Hitachi,RAS-100HNCBLW,4,27.32,4.82,5.64,6.28,5.76,5.79,1481,1481,24/09/2025,8,"RCI-1.3FSKDN1Q, RCI-1.3FSKDN1Q, RCI-1.3FSKDN1Q, RCI-1.3FSKDN1Q, RCI-1.3FSKDN1Q, RCI-1.3FSKDN1Q, RCI-1.3FSKDN1Q, RCI-1.3FSKDN1Q"
Hitachi,RAS-080HNCELW,2,21.62,4.11,4.71,5.23,5.43,4.91,1711,1711,23/06/2027,6,"RCI-1.0FSKDNQ, RCI-1.0FSKDNQ, RCI-1.5FSKDNQ, RCI-1.0FSKDNQ, RCI-1.0FSKDNQ, RCI-3.0FSKDNQ"
Hitachi,RAS-160HNCELW,1,43.58,3.66,3.99,4.81,5.48,4.36,3496,3496,23/06/2027,14,"RCI- 1.0FSKDNQ, RCI- 1.0FSKDNQ, RCI- 1.0FSKDNQ, RCI- 1.0FSKDNQ, RCI- 1.0FSKDNQ, RCI- 1.0FSKDNQ, RCI- 3.0FSKDNQ, RCI- 1.0FSKDNQ, RCI- 1.0FSKDNQ, RCI- 1.0FSKDNQ, RCI- 1.5FSKDNQ, RCI- 1.0FSKDNQ, RCI- 1.0FSKDNQ, RCI- 1.5FSKDNQ"
Hitachi,RAS-140HNCELW,1,38.71,3.66,4.22,4.78,4.64,4.39,3080,3080,23/06/2027,12,"RCI- 1.0FSKDNQ, RCI- 1.0FSKDNQ, RCI- 1.0FSKDNQ, RCI- 1.0FSKDNQ, RCI- 1.0FSKDNQ, RCI- 1.0FSKDNQ, RCI- 1.0FSKDNQ, RCI- 1.0FSKDNQ, RCI- 1.0FSKDNQ, RCI- 1.0FSKDNQ, RCI- 1.0FSKDNQ, RCI- 4.0FSKDNQ"
Hitachi,RAS-180HNCBLW,3,49.18,4.10,4.91,5.71,6.37,5.27,2890,2890,25/09/2025,12,"RCI-1.5FSKDN1Q, RCI-1.5FSKDN1Q, RCI-1.5FSKDN1Q, RCI-1.5FSKDN1Q, RCI-1.5FSKDN1Q, RCI-2.3FSKDN1Q, RCI-1.5FSKDN1Q, RCI-1.5FSKDN1Q, RCI-1.5FSKDN1Q, RCI-1.5FSKDN1Q, RCI-1.5FSKDN1Q, RCI-2.3FSKDN1Q"
Hitachi,RAS-140HNCBLW,3,38.92,4.41,5.00,5.79,5.78,5.27,2352,2352,25/09/2025,11,"RCI-1.3FSKDN1Q, RCI-1.3FSKDN1Q, RCI-1.3FSKDN1Q, RCI-1.3FSKDN1Q, RCI-1.3FSKDN1Q, RCI-1.3FSKDN1Q, RCI-1.3FSKDN1Q, RCI-1.3FSKDN1Q, RCI-1.3FSKDN1Q, RCI-1.3FSKDN1Q, RCI-1.3FSKDN1Q"
Hitachi,RAS-120HNCELW,1,32.33,3.77,4.41,5.32,5.20,4.71,2551,2551,23/06/2027,10,"RCI-1.0FSKDNQ, RCI-1.0FSKDNQ, RCI-1.0FSKDNQ, RCI-1.0FSKDNQ, RCI-1.5FSKDNQ, RCI-3.0FSKDNQ, RCI-1.0FSKDNQ, RCI-1.0FSKDNQ, RCI-1.0FSKDNQ, RCI-1.0FSKDNQ"
Hitachi,RAS-100HNCELW,2,27.06,4.04,4.70,5.23,5.80,4.95,2135,2135,23/06/2027,8,"RCI-1.0FSKDNQ, RCI-1.0FSKDNQ, RCI-1.0FSKDNQ, RCI-1.5FSKDNQ, RCI-1.0FSKDNQ, RCI-1.0FSKDNQ, RCI-1.0FSKDNQ, RCI-3.0FSKDNQ"
Hitachi,RAS-14HNBBMQ,1,39.21,3.62,4.14,4.98,5.13,4.45,2735,2735,19/04/2027,12,"RCI- 1.0FSKDNQ, RCI- 1.0FSKDNQ, RCI- 1.0FSKDNQ, RCI- 1.0FSKDNQ, RCI- 1.0FSKDNQ, RCI- 1.0FSKDNQ, RCI- 1.0FSKDNQ, RCI- 1.0FSKDNQ, RCI- 1.0FSKDNQ, RCI- 1.0FSKDNQ, RCI- 1.0FSKDNQ, RCI- 4.0FSKDNQ"
Hitachi,RAS-12HNBBMQ,1,32.83,3.64,4.22,4.77,4.65,4.39,2219,2219,19/04/2027,10,"RCI-1.0FSKDNQ, RCI-1.0FSKDNQ, RCI-1.0FSKDNQ, RCI-1.0FSKDNQ, RCI-1.5FSKDNQ, RCI-3.0FSKDNQ, RCI-1.0FSKDNQ, RCI-1.0FSKDNQ, RCI-1.0FSKDNQ, RCI-1.0FSKDNQ"
Hitachi,RAS-10HNBBMQ,2,27.44,4.05,4.71,5.43,4.94,4.90,1772,1772,19/04/2027,8,"RCI-1.0FSKDNQ, RCI-1.0FSKDNQ, RCI-1.0FSKDNQ, RCI-1.5FSKDNQ, RCI-1.0FSKDNQ, RCI-1.0FSKDNQ, RCI-1.0FSKDNQ, RCI-3.0FSKDNQ"
Hitachi,RAS-080HNCBLW,5,21.86,5.13,6.09,6.71,5.96,6.20,1125,1125,24/09/2025,6,"RCI-1.3FSKDN1Q, RCI-1.3FSKDN1Q, RCI-1.3FSKDN1Q, RCI-1.3FSKDN1Q, RCI-1.3FSKDN1Q, RCI-1.3FSKDN1Q"
Hitachi,RAS-18HNBBMQ,1,48.96,3.59,4.23,5.15,5.35,4.58,3352,3352,19/04/2027,16,"RCI- 1.0FSKDNQ, RCI- 1.0FSKDNQ, RCI- 1.0FSKDNQ, RCI- 1.5FSKDNQ, RCI- 1.0FSKDNQ, RCI- 1.0FSKDNQ, RCI- 1.0FSKDNQ, RCI- 1.5FSKDNQ, RCI- 1.0FSKDNQ, RCI- 1.0FSKDNQ, RCI- 1.0FSKDNQ, RCI- 1.0FSKDNQ, RCI- 1.0FSKDNQ, RCI- 1.0FSKDNQ, RCI- 1.0FSKDNQ, RCI- 3.0FSKDNQ"
Hitachi,RAS-200HNCBLW,2,54.78,4.00,4.63,5.54,6.20,5.03,3310,3310,25/09/2025,12,"RCI-1.5FSKDN1Q, RCI-1.5FSKDN1Q, RCI- 2.3FSKDN1Q, RCI-1.5FSKDN1Q, RCI-1.5FSKDN1Q, RCI- 2.3FSKDN1Q, RCI-1.5FSKDN1Q, RCI-1.5FSKDN1Q, RCI- 2.3FSKDN1Q, RCI-1.5FSKDN1Q, RCI-1.5FSKDN1Q, RCI- 2.3FSKDN1Q"
Hitachi,RAS-16HNBBMQ,1,44.10,3.52,4.18,4.95,5.09,4.46,3071,3071,19/04/2027,14,"RCI-1.0FSKDNQ, RCI-1.0FSKDNQ, RCI-1.0FSKDNQ, RCI-1.0FSKDNQ, RCI-1.0FSKDNQ, RCI-1.0FSKDNQ, RCI-3.0FSKDNQ, RCI-1.0FSKDNQ, RCI-1.0FSKDNQ, RCI-1.0FSKDNQ, RCI-1.5FSKDNQ, RCI-1.0FSKDNQ, RCI-1.0FSKDNQ, RCI-1.5FSKDNQ"
Hitachi,RAS-160HNCBLW,3,43.76,4.27,4.96,6.20,5.92,5.36,2596,2596,25/09/2025,12,"RCI-1.3FSKDN1Q, RCI-1.3FSKDN1Q, RCI-1.3FSKDN1Q, RCI-1.3FSKDN1Q, RCI-1.3FSKDN1Q, RCI-1.3FSKDN1Q, RCI-1.3FSKDN1Q, RCI-1.3FSKDN1Q, RCI-1.3FSKDN1Q, RCI-1.3FSKDN1Q, RCI-1.3FSKDN1Q, RCI-1.3FSKDN1Q"
Hitachi,RAS-180HNCELW,1,48.42,3.32,3.98,4.85,5.47,4.36,3833,3833,23/06/2027,16,"RCI- 1.0FSKDNQ, RCI- 1.0FSKDNQ, RCI- 1.0FSKDNQ, RCI- 1.5FSKDNQ, RCI- 1.0FSKDNQ, RCI- 1.0FSKDNQ, RCI- 1.0FSKDNQ, RCI- 1.5FSKDNQ, RCI- 1.0FSKDNQ, RCI- 1.0FSKDNQ, RCI- 1.0FSKDNQ, RCI- 1.0FSKDNQ, RCI- 1.0FSKDNQ, RCI- 1.0FSKDNQ, RCI- 1.0FSKDNQ, RCI- 3.0FSKDNQ"
LG,ARUN162LTE6,3,45.30,4.33,5.31,5.90,5.97,5.51,2547,2547,14/09/2026,16,"ARNU09GTAA4, ARNU09GTAA4, ARNU09GTAA4, ARNU09GTAA4, ARNU09GTAA4, ARNU09GTAA4, ARNU09GTAA4, ARNU09GTAA4, ARNU09GTAA4, ARNU09GTAA4, ARNU09GTAA4, ARNU09GTAA4, ARNU09GTAA4, ARNU09GTAA4, ARNU09GTAA4, ARNU09GTAA4"
LG,ARUN120LTE5,4,34.05,3.95,6.03,6.76,5.01,6.03,1522,1522,31/03/2027,20,"ARNU05GTAA4, ARNU05GTAA4, ARNU05GTAA4, ARNU05GTAA4, ARNU05GTAA4, ARNU05GTAA4, ARNU05GTAA4, ARNU05GTAA4, ARNU05GTAA4, ARNU05GTAA4, ARNU05GTAA4, ARNU05GTAA4, ARNU05GTAA4, ARNU05GTAA4, ARNU05GTAA4, ARNU05GTAA4, ARNU07GTAA4, ARNU07GTAA4, ARNU07GTAA4, ARNU07GTAA4"
LG,ARUN220LTE5,2,62.52,3.57,4.63,5.85,5.95,5.06,3270,3270,31/03/2027,20,"ARNU12GTAA4, ARNU12GTAA4, ARNU12GTAA4, ARNU12GTAA4, ARNU12GTAA4, ARNU12GTAA4, ARNU12GTAA4, ARNU09GTAA4, ARNU09GTAA4, ARNU09GTAA4, ARNU09GTAA4, ARNU09GTAA4, ARNU09GTAA4, ARNU09GTAA4, ARNU09GTAA4, ARNU09GTAA4, ARNU09GTAA4, ARNU09GTAA4, ARNU09GTAA4, ARNU09GTAA4"
LG,ARUN140LTE5,4,39.62,3.82,5.98,6.58,5.36,6.00,1842,1842,31/03/2027,20,"ARNU05GTAA4, ARNU05GTAA4, ARNU05GTAA4, ARNU05GTAA4, ARNU05GTAA4, ARNU05GTAA4, ARNU05GTAA4, ARNU05GTAA4, ARNU07GTAA4, ARNU07GTAA4, ARNU07GTAA4, ARNU07GTAA4, ARNU07GTAA4, ARNU07GTAA4, ARNU07GTAA4, ARNU07GTAA4, ARNU07GTAA4, ARNU07GTAA4, ARNU07GTAA4, ARNU07GTAA4"
LG,ARUN080LTE5,3,22.51,4.41,5.77,5.98,3.59,5.52,1158,1158,31/03/2027,13,"ARNU05GTAA4, ARNU05GTAA4, ARNU05GTAA4, ARNU05GTAA4, ARNU05GTAA4, ARNU05GTAA4, ARNU05GTAA4, ARNU05GTAA4, ARNU05GTAA4, ARNU05GTAA4, ARNU07GTAA4, ARNU07GTAA4, ARNU07GTAA4"
LG,ARUN100LTE5,4,28.30,4.24,6.22,6.76,4.16,6.05,1309,1309,31/03/2027,16,"ARNU05GTAA4, ARNU05GTAA4, ARNU05GTAA4, ARNU05GTAA4, ARNU05GTAA4, ARNU05GTAA4, ARNU05GTAA4, ARNU05GTAA4, ARNU05GTAA4, ARNU05GTAA4, ARNU05GTAA4, ARNU05GTAA4, ARNU07GTAA4, ARNU07GTAA4, ARNU07GTAA4, ARNU07GTAA4"
LG,ARUN120LSS0,2,34.16,3.72,5.14,5.58,3.59,5.02,2200,2200,26/12/2024,12,"ARNU09GTAA4, ARNU09GTAA4, ARNU09GTAA4, ARNU09GTAA4, ARNU09GTAA4, ARNU09GTAA4, ARNU09GTAA4, ARNU09GTAA4, ARNU09GTAA4, ARNU09GTAA4, ARNU09GTAA4, ARNU09GTAA4"
LG,ARUN180LTE5,3,50.48,3.97,5.33,5.83,6.16,5.53,2478,2478,31/03/2027,20,"ARNU07GTAA4, ARNU07GTAA4, ARNU07GTAA4, ARNU07GTAA4, ARNU07GTAA4, ARNU07GTAA4, ARNU07GTAA4, ARNU07GTAA4, ARNU09GTAA4, ARNU09GTAA4, ARNU09GTAA4, ARNU09GTAA4, ARNU09GTAA4, ARNU09GTAA4, ARNU09GTAA4, ARNU09GTAA4, ARNU09GTAA4, ARNU09GTAA4, ARNU09GTAA4, ARNU09GTAA4"
LG,ARUN200LTE5,2,56.60,3.74,4.80,5.74,5.82,5.13,2936,2936,31/03/2027,20,"ARNU09GTAA4, ARNU09GTAA4, ARNU09GTAA4, ARNU09GTAA4, ARNU09GTAA4, ARNU09GTAA4, ARNU09GTAA4, ARNU09GTAA4, ARNU09GTAA4, ARNU09GTAA4, ARNU09GTAA4, ARNU09GTAA4, ARNU09GTAA4, ARNU09GTAA4, ARNU09GTAA4, ARNU09GTAA4, ARNU09GTAA4, ARNU09GTAA4, ARNU09GTAA4, ARNU09GTAA4"
LG,ARUN160LTE5,3,44.96,3.75,5.46,5.80,5.74,5.54,2218,2218,31/03/2027,20,"ARNU07GTAA4, ARNU07GTAA4, ARNU07GTAA4, ARNU07GTAA4, ARNU07GTAA4, ARNU07GTAA4, ARNU07GTAA4, ARNU07GTAA4, ARNU07GTAA4, ARNU07GTAA4, ARNU07GTAA4, ARNU07GTAA4, ARNU07GTAA4, ARNU07GTAA4, ARNU07GTAA4, ARNU07GTAA4, ARNU07GTAA4, ARNU07GTAA4, ARNU07GTAA4, ARNU07GTAA4"
LG,ARUN182LTE6,3,51.45,4.25,5.39,5.54,5.71,5.44,2789,2789,14/09/2026,16,"ARNU09GTAA4, ARNU09GTAA4, ARNU09GTAA4, ARNU09GTAA4, ARNU09GTAA4, ARNU09GTAA4, ARNU09GTAA4, ARNU09GTAA4, ARNU12GTAA4, ARNU12GTAA4, ARNU12GTAA4, ARNU12GTAA4, ARNU12GTAA4, ARNU12GTAA4, ARNU12GTAA4, ARNU12GTAA4"
LG,ARUN202LTE6,2,57.03,4.10,5.12,5.50,5.55,5.24,3157,3157,17/09/2026,16,"ARNU12GTAA4, ARNU12GTAA4, ARNU12GTAA4, ARNU12GTAA4, ARNU12GTAA4, ARNU12GTAA4, ARNU12GTAA4, ARNU12GTAA4, ARNU12GTAA4, ARNU12GTAA4, ARNU12GTAA4, ARNU12GTAA4, ARNU12GTAA4, ARNU12GTAA4, ARNU12GTAA4, ARNU12GTAA4"
LG,ARUN242LTE6,2,68.08,3.70,4.80,4.82,5.07,4.82,3905,3905,17/09/2026,16,"ARNU12GTAA4, ARNU12GTAA4, ARNU12GTAA4, ARNU12GTAA4, ARNU15GTAA4, ARNU15GTAA4, ARNU15GTAA4, ARNU15GTAA4, ARNU15GTAA4, ARNU15GTAA4, ARNU15GTAA4, ARNU15GTAA4, ARNU15GTAA4, ARNU15GTAA4, ARNU15GTAA4, ARNU15GTAA4"
LG,ARUN240LTE5,1,67.71,3.43,4.41,5.20,5.55,4.72,3735,3735,31/03/2027,20,"ARNU12GTAA4, ARNU12GTAA4, ARNU12GTAA4, ARNU12GTAA4, ARNU12GTAA4, ARNU12GTAA4, ARNU12GTAA4, ARNU12GTAA4, ARNU12GTAA4, ARNU12GTAA4, ARNU12GTAA4, ARNU12GTAA4, ARNU12GTAA4, ARNU12GTAA4, ARNU12GTAA4, ARNU09GTAA4, ARNU09GTAA4, ARNU09GTAA4, ARNU09GTAA4, ARNU09GTAA4"
LG,ARUN222LTE6,2,61.86,3.96,4.52,5.41,5.33,4.82,3636,3636,19/09/2026,16,"ARNU12GTAA4, ARNU12GTAA4, ARNU12GTAA4, ARNU12GTAA4, ARNU12GTAA4, ARNU12GTAA4, ARNU12GTAA4, ARNU12GTAA4, ARNU12GTAA4, ARNU12GTAA4, ARNU15GTAA4, ARNU15GTAA4, ARNU15GTAA4, ARNU15GTAA4, ARNU15GTAA4, ARNU15GTAA4"
LG,ARUN082LTE6,5,22.86,4.94,6.14,6.43,6.18,6.19,1375,1375,17/08/2026,12,"ARNU05GTAA4, ARNU05GTAA4, ARNU05GTAA4, ARNU05GTAA4, ARNU05GTAA4, ARNU05GTAA4, ARNU07GTAA4, ARNU07GTAA4, ARNU07GTAA4, ARNU07GTAA4, ARNU07GTAA4, ARNU07GTAA4"
LG,ARUN262LTE6,1,74.47,3.58,4.64,4.64,5.21,4.69,4236,4236,12/09/2026,16,"ARNU15GTAA4, ARNU15GTAA4, ARNU15GTAA4, ARNU15GTAA4, ARNU15GTAA4, ARNU15GTAA4, ARNU15GTAA4, ARNU15GTAA4, ARNU15GTAA4, ARNU15GTAA4, ARNU15GTAA4, ARNU15GTAA4, ARNU18GTAA4, ARNU18GTAA4, ARNU18GTAA4, ARNU18GTAA4"
LG,ARUN100LSS0,2,28.69,4.05,4.97,5.67,4.11,5.01,1950,1950,26/12/2024,12,"ARNU07GTAA4, ARNU07GTAA4, ARNU07GTAA4, ARNU07GTAA4, ARNU07GTAA4, ARNU07GTAA4, ARNU07GTAA4, ARNU07GTAA4, ARNU09GTAA4, ARNU09GTAA4, ARNU09GTAA4, ARNU09GTAA4"
LG,ARUN122LTE6,4,33.86,4.50,5.68,5.90,5.94,5.74,1922,1922,17/09/2026,16,"ARNU07GTAA4, ARNU07GTAA4, ARNU07GTAA4, ARNU07GTAA4, ARNU07GTAA4, ARNU07GTAA4, ARNU07GTAA4, ARNU07GTAA4, ARNU07GTAA4, ARNU07GTAA4, ARNU07GTAA4, ARNU07GTAA4, ARNU07GTAA4, ARNU07GTAA4, ARNU07GTAA4, ARNU07GTAA4"
LG,ARUN080LSS0,1,22.73,3.91,4.72,4.96,3.55,4.61,1746,1746,26/12/2024,8,"ARNU09GTAA4, ARNU09GTAA4, ARNU09GTAA4, ARNU09GTAA4, ARNU09GTAA4, ARNU09GTAA4, ARNU09GTAA4, ARNU09GTAA4"
LG,ARUN260LTE5,1,74.00,3.29,4.28,5.28,5.04,4.59,4142,4142,31/03/2027,20,"ARNU12GTAA4, ARNU12GTAA4, ARNU12GTAA4, ARNU12GTAA4, ARNU12GTAA4, ARNU12GTAA4, ARNU12GTAA4, ARNU12GTAA4, ARNU12GTAA4, ARNU12GTAA4, ARNU12GTAA4, ARNU12GTAA4, ARNU12GTAA4, ARNU12GTAA4, ARNU12GTAA4, ARNU12GTAA4, ARNU12GTAA4, ARNU12GTAA4, ARNU12GTAA4, ARNU12GTAA4"
LG,ARUN102LTE6,5,28.63,4.83,6.15,6.18,6.34,6.15,1610,1610,12/09/2026,16,"ARNU05GTAA4, ARNU05GTAA4, ARNU05GTAA4, ARNU05GTAA4, ARNU05GTAA4, ARNU05GTAA4, ARNU05GTAA4, ARNU05GTAA4, ARNU05GTAA4, ARNU05GTAA4, ARNU07GTAA4, ARNU07GTAA4, ARNU07GTAA4, ARNU07GTAA4, ARNU07GTAA4, ARNU07GTAA4"
LG,ARUN142LTE6,4,39.48,3.91,5.45,6.26,6.22,5.71,2138,2138,12/09/2026,16,"ARNU07GTAA4, ARNU07GTAA4, ARNU07GTAA4, ARNU07GTAA4, ARNU07GTAA4, ARNU07GTAA4, ARNU07GTAA4, ARNU07GTAA4, ARNU09GTAA4, ARNU09GTAA4, ARNU09GTAA4, ARNU09GTAA4, ARNU09GTAA4, ARNU09GTAA4, ARNU09GTAA4, ARNU09GTAA4"
Midea,MVC-M252WV2GN1(G),4,25.19,5.89,5.86,5.57,5.18,5.71,1806,1806,03/04/2027,17,"MIH15Q4XN18, MIH15Q4XN18, MIH15Q4XN18, MIH15Q4XN18, MIH15Q4XN18, MIH15Q4XN18, MIH15Q4XN18, MIH15Q4XN18, MIH15Q4XN18, MIH15Q4XN18, MIH15Q4XN18, MIH15Q4XN18, MIH15Q4XN18, MIH15Q4XN18, MIH15Q4XN18, MIH15Q4XN18, MIH15Q4XN18"
Midea,MV8-450WV2RN1E(PRO),1,44.80,2.88,4.33,4.70,4.86,4.46,3200,3200,16/05/2026,18,"MIH22Q4XN18, MIH22Q4XN18, MIH22Q4XN18, MIH22Q4XN18, MIH22Q4XN18, MIH22Q4XN18, MIH28Q4XN18, MIH28Q4XN18, MIH28Q4XN18, MIH28Q4XN18, MIH28Q4XN18, MIH28Q4XN18, MIH28Q4XN18, MIH28Q4XN18, MIH28Q4XN18, MIH28Q4XN18, MIH28Q4XN18, MIH28Q4XN18"
Midea,MV8-670WV2RN1E(PRO),1,67.73,3.53,4.26,4.97,5.33,4.55,4280,4280,18/05/2026,18,"MIH36Q4XN18, MIH36Q4XN18, MIH36Q4XN18, MIH36Q4XN18, MIH36Q4XN18, MIH36Q4XN18, MIH36Q4XN18, MIH36Q4XN18, MIH36Q4XN18, MIH36Q4XN18, MIH36Q4XN18, MIH36Q4XN18, MIH45Q4XN18, MIH45Q4XN18, MIH45Q4XN18, MIH45Q4XN18, MIH45Q4XN18, MIH45Q4XN18"
Midea,MVC-M560WV2GN1(G),3,56.10,4.51,5.00,5.77,5.63,5.25,3310,3310,16/04/2027,24,"MIH22Q4XN18, MIH22Q4XN18, MIH22Q4XN18, MIH22Q4XN18, MIH22Q4XN18, MIH22Q4XN18, MIH22Q4XN18, MIH22Q4XN18, MIH22Q4XN18, MIH22Q4XN18, MIH22Q4XN18, MIH22Q4XN18, MIH22Q4XN18, MIH22Q4XN18, MIH22Q4XN18, MIH22Q4XN18, MIH22Q4XN18, MIH22Q4XN18, MIH22Q4XN18, MIH22Q4XN18, MIH22Q4XN18, MIH22Q4XN18, MIH36Q4XN18, MIH36Q4XN18"
Midea,MV8-335WV2RN1E(PRO),1,33.14,3.08,4.62,5.22,4.66,4.74,2484,2484,16/05/2026,18,"MIH15Q4XN18, MIH15Q4XN18, MIH15Q4XN18, MIH15Q4XN18, MIH15Q4XN18, MIH15Q4XN18, MIH15Q4XN18, MIH15Q4XN18, MIH15Q4XN18, MIH15Q4XN18, MIH15Q4XN18, MIH15Q4XN18, MIH28Q4XN18, MIH28Q4XN18, MIH28Q4XN18, MIH28Q4XN18, MIH28Q4XN18, MIH28Q4XN18"
Midea,MVC-M400WV2GN1(G),3,40.02,4.92,5.48,5.29,4.99,5.36,2509,2509,18/04/2027,24,"MIH15Q4XN18, MIH15Q4XN18, MIH15Q4XN18, MIH15Q4XN18, MIH15Q4XN18, MIH15Q4XN18, MIH15Q4XN18, MIH15Q4XN18, MIH15Q4XN18, MIH15Q4XN18, MIH15Q4XN18, MIH15Q4XN18, MIH18Q4XN18, MIH18Q4XN18, MIH18Q4XN18, MIH18Q4XN18, MIH18Q4XN18, MIH18Q4XN18, MIH18Q4XN18, MIH18Q4XN18, MIH18Q4XN18, MIH18Q4XN18, MIH18Q4XN18, MIH18Q4XN18"
Midea,MVC-M450WV2GN1(G),3,45.03,4.47,5.27,5.80,4.82,5.32,2757,2757,24/04/2027,24,"MIH18Q4XN18, MIH18Q4XN18, MIH18Q4XN18, MIH18Q4XN18, MIH18Q4XN18, MIH18Q4XN18, MIH18Q4XN18, MIH18Q4XN18, MIH18Q4XN18, MIH18Q4XN18, MIH18Q4XN18, MIH18Q4XN18, MIH18Q4XN18, MIH18Q4XN18, MIH18Q4XN18, MIH18Q4XN18, MIH18Q4XN18, MIH18Q4XN18, MIH18Q4XN18, MIH18Q4XN18, MIH22Q4XN18, MIH22Q4XN18, MIH22Q4XN18, MIH22Q4XN18"
Midea,MV8-252WV2RN1E(PRO),2,24.69,3.40,4.98,5.04,4.39,4.89,1982,1982,09/05/2026,18,"MIH12Q4XN18, MIH12Q4XN18, MIH12Q4XN18, MIH12Q4XN18, MIH12Q4XN18, MIH12Q4XN18, MIH15Q4XN18, MIH15Q4XN18, MIH15Q4XN18, MIH15Q4XN18, MIH15Q4XN18, MIH15Q4XN18, MIH15Q4XN18, MIH15Q4XN18, MIH15Q4XN18, MIH15Q4XN18, MIH15Q4XN18, MIH15Q4XN18"
Midea,MV8-560WV2RN1E(PRO),1,55.82,3.56,4.10,4.85,5.16,4.40,3822,3822,18/05/2026,18,"MIH28Q4XN18, MIH28Q4XN18, MIH28Q4XN18, MIH28Q4XN18, MIH28Q4XN18, MIH28Q4XN18, MIH28Q4XN18, MIH28Q4XN18, MIH36Q4XN18, MIH36Q4XN18, MIH36Q4XN18, MIH36Q4XN18, MIH36Q4XN18, MIH36Q4XN18, MIH36Q4XN18, MIH36Q4XN18, MIH36Q4XN18, MIH36Q4XN18"
Midea,MVC-M335WV2GN1(G),4,33.49,5.41,5.96,5.64,5.07,5.76,2126,2126,12/03/2027,22,"MIH15Q4XN18, MIH15Q4XN18, MIH15Q4XN18, MIH15Q4XN18, MIH15Q4XN18, MIH15Q4XN18, MIH15Q4XN18, MIH15Q4XN18, MIH15Q4XN18, MIH15Q4XN18, MIH15Q4XN18, MIH15Q4XN18, MIH15Q4XN18, MIH15Q4XN18, MIH15Q4XN18, MIH15Q4XN18, MIH15Q4XN18, MIH15Q4XN18, MIH15Q4XN18, MIH15Q4XN18, MIH15Q4XN18, MIH15Q4XN18"
Midea,MVC-M280WV2GN1(G),4,27.97,5.77,5.89,5.56,5.18,5.72,1917,1917,14/01/2027,19,"MIH15Q4XN18, MIH15Q4XN18, MIH15Q4XN18, MIH15Q4XN18, MIH15Q4XN18, MIH15Q4XN18, MIH15Q4XN18, MIH15Q4XN18, MIH15Q4XN18, MIH15Q4XN18, MIH15Q4XN18, MIH15Q4XN18, MIH15Q4XN18, MIH15Q4XN18, MIH15Q4XN18, MIH15Q4XN18, MIH15Q4XN18, MIH15Q4XN18, MIH15Q4XN18"
Midea,MVC-M500WV2GN1(G),3,49.98,4.32,5.12,5.86,5.16,5.29,3012,3012,23/04/2027,24,"MIH18Q4XN18, MIH18Q4XN18, MIH18Q4XN18, MIH18Q4XN18, MIH18Q4XN18, MIH18Q4XN18, MIH22Q4XN18, MIH22Q4XN18, MIH22Q4XN18, MIH22Q4XN18, MIH22Q4XN18, MIH22Q4XN18, MIH22Q4XN18, MIH22Q4XN18, MIH22Q4XN18, MIH22Q4XN18, MIH22Q4XN18, MIH22Q4XN18, MIH22Q4XN18, MIH22Q4XN18, MIH22Q4XN18, MIH22Q4XN18, MIH22Q4XN18, MIH22Q4XN18"
Midea,MV8-280WV2RN1E(PRO),2,28.56,3.41,4.84,5.18,4.46,4.84,2156,2156,14/05/2026,18,"MIH15Q4XN18, MIH15Q4XN18, MIH15Q4XN18, MIH15Q4XN18, MIH15Q4XN18, MIH15Q4XN18, MIH15Q4XN18, MIH15Q4XN18, MIH15Q4XN18, MIH15Q4XN18, MIH15Q4XN18, MIH15Q4XN18, MIH15Q4XN18, MIH15Q4XN18, MIH15Q4XN18, MIH15Q4XN18, MIH22Q4XN18, MIH22Q4XN18"
Midea,MV8-400WV2RN1E(PRO),1,40.02,3.05,4.23,4.68,4.65,4.37,2983,2983,22/05/2026,18,"MIH22Q4XN18, MIH22Q4XN18, MIH22Q4XN18, MIH22Q4XN18, MIH22Q4XN18, MIH22Q4XN18, MIH22Q4XN18, MIH22Q4XN18, MIH22Q4XN18, MIH22Q4XN18, MIH22Q4XN18, MIH22Q4XN18, MIH22Q4XN18, MIH22Q4XN18, MIH22Q4XN18, MIH22Q4XN18, MIH28Q4XN18, MIH28Q4XN18"
Mitsubishi Electric,"PUMY-CP200YKM-PA-BS, PUMY-CP200YKM-PA",3,22.56,3.84,5.55,6.00,3.82,5.41,1473,1473,31/03/2027,5,"PLFY-EP32VEM-E, PLFY-EP32VEM-E, PLFY-EP32VEM-E, PLFY-EP50VEM-E, PLFY-EP50VEM-E"
Mitsubishi Electric,"PUCY-EP300YKE.TH-SG, PUCY-EP300YKE.TH-SG-BS",5,33.88,4.56,5.88,6.81,6.55,6.16,2397,2397,19/10/2026,9,"PLFY-EP32VEM-E, PLFY-EP32VEM-E, PLFY-EP32VEM-E, PLFY-EP32VEM-E, PLFY-EP32VEM-E, PLFY-EP32VEM-E, PLFY-EP32VEM-E, PLFY-EP32VEM-E, PLFY-EP32VEM-E"
Mitsubishi Electric,"PUCY-P450YKD.TH, PUCY-P450YKD.TH-BS",2,48.00,3.54,4.57,5.57,5.65,4.92,3528,3528,31/03/2027,12,"PLFY-EP32VEM-E, PLFY-EP32VEM-E, PLFY-EP32VEM-E, PLFY-EP32VEM-E, PLFY-EP32VEM-E, PLFY-EP32VEM-E, PLFY-EP32VEM-E, PLFY-EP32VEM-E, PLFY-EP32VEM-E, PLFY-EP32VEM-E, PLFY-EP50VEM-E, PLFY-EP50VEM-E"
Mitsubishi Electric,"PUMY-CP175YKM-PA-BS, PUMY-CP175YKM-PA",3,20.15,5.04,5.77,5.83,3.57,5.49,1359,1359,31/03/2027,5,"PLFY-EP32VEM-E, PLFY-EP32VEM-E, PLFY-EP32VEM-E, PLFY-EP32VEM-E, PLFY-EP50VEM-E"
Mitsubishi Electric,"PUCY-EP500YKE.TH-SG, PUCY-EP500YKE.TH-SG-BS",3,56.11,3.69,4.82,5.79,6.71,5.26,3786,3786,19/10/2026,12,"PLFY-EP32VEM-E, PLFY-EP32VEM-E, PLFY-EP32VEM-E, PLFY-EP32VEM-E, PLFY-EP32VEM-E, PLFY-EP32VEM-E, PLFY-EP50VEM-E, PLFY-EP50VEM-E, PLFY-EP50VEM-E, PLFY-EP50VEM-E, PLFY-EP50VEM-E, PLFY-EP50VEM-E"
Mitsubishi Electric,"PUMY-CP300YBM2-PA, PUMY-CP300YBM2-PA-BS",2,33.99,3.94,5.05,5.34,3.84,4.95,1778,1778,02/08/2025,6,"PLFY-EP50VEM-E , PLFY-EP50VEM-E , PLFY-EP50VEM-E , PLFY-EP50VEM-E , PLFY-EP50VEM-E , PLFY-EP50VEM-E "
Mitsubishi Electric,"PUMY-CP250YBM2-PA, PUMY-CP250YBM2-PA-BS",2,28.47,4.41,5.02,5.48,3.25,4.90,1536,1536,02/08/2025,6,"PLFY-EP32VEM-E, PLFY-EP32VEM-E, PLFY-EP32VEM-E, PLFY-EP50VEM-E , PLFY-EP50VEM-E , PLFY-EP50VEM-E "
Mitsubishi Electric,"PUCY-P500YKD.TH, PUCY-P500YKD.TH-BS",3,56.00,4.09,5.12,5.84,6.81,5.48,3624,3624,31/03/2027,12,"PLFY-EP32VEM-E, PLFY-EP32VEM-E, PLFY-EP32VEM-E, PLFY-EP32VEM-E, PLFY-EP32VEM-E, PLFY-EP32VEM-E, PLFY-EP50VEM-E, PLFY-EP50VEM-E, PLFY-EP50VEM-E, PLFY-EP50VEM-E, PLFY-EP50VEM-E, PLFY-EP50VEM-E"
Mitsubishi Electric,"PUCY-EP250YKE.TH-SG, PUCY-EP250YKE.TH-SG-BS",5,28.55,4.51,5.75,7.04,6.70,6.15,1968,1968,18/10/2026,8,"PLFY-EP32VEM-E, PLFY-EP32VEM-E, PLFY-EP32VEM-E, PLFY-EP32VEM-E, PLFY-EP32VEM-E, PLFY-EP32VEM-E, PLFY-EP32VEM-E, PLFY-EP32VEM-E"
Mitsubishi Electric,"PUCY-P200YKE.TH-SG, PUCY-P200YKE.TH-SG-BS",4,22.68,4.59,5.62,6.99,5.36,5.89,1696,1696,18/10/2026,6,"PLFY-EP32VEM-E, PLFY-EP32VEM-E, PLFY-EP32VEM-E, PLFY-EP32VEM-E, PLFY-EP32VEM-E, PLFY-EP32VEM-E"
Mitsubishi Electric,"PUMY-CP175YKM2-PA, PUMY-CP175YKM2-PA-BS",3,20.15,5.04,5.77,5.83,3.57,5.49,1359,1359,14/08/2025,5,"PLFY-EP32VEM-E, PLFY-EP32VEM-E, PLFY-EP32VEM-E, PLFY-EP32VEM-E, PLFY-EP50VEM-E"
Mitsubishi Electric,"PUCY-EP200YKE.TH-SG, PUCY-EP200YKE.TH-SG-BS",5,22.68,4.79,5.87,7.30,5.57,6.15,1657,1657,11/10/2026,6,"PLFY-EP32VEM-E, PLFY-EP32VEM-E, PLFY-EP32VEM-E, PLFY-EP32VEM-E, PLFY-EP32VEM-E, PLFY-EP32VEM-E"
Mitsubishi Electric,"PUMY-CP225YKM2-PA, PUMY-CP225YKM2-PA-BS",3,25.50,4.10,5.27,6.12,4.07,5.30,1629,1629,14/08/2025,5,"PLFY-EP32VEM-E, PLFY-EP32VEM-E, PLFY-EP50VEM-E, PLFY-EP50VEM-E, PLFY-EP63VEM-E"
Mitsubishi Electric,"PUMY-CP300YBM-PA, PUMY-CP300YBM-PA-BS",2,33.99,3.94,5.05,5.34,3.84,4.95,1778,1778,11/05/2027,6,"PLFY-EP50VEM-E, PLFY-EP50VEM-E, PLFY-EP50VEM-E, PLFY-EP50VEM-E, PLFY-EP50VEM-E, PLFY-EP50VEM-E"
Mitsubishi Electric,"PUCY-EP400YKE.TH-SG, PUCY-EP400YKE.TH-SG-BS",4,44.06,4.52,5.30,6.26,6.89,5.71,3047,3047,15/10/2026,12,"PLFY-EP32VEM-E, PLFY-EP32VEM-E, PLFY-EP32VEM-E, PLFY-EP32VEM-E, PLFY-EP32VEM-E, PLFY-EP32VEM-E, PLFY-EP32VEM-E, PLFY-EP32VEM-E, PLFY-EP32VEM-E, PLFY-EP32VEM-E, PLFY-EP32VEM-E, PLFY-EP32VEM-E"
Mitsubishi Electric,"PUCY-P500YKE.TH-SG, PUCY-P500YKE.TH-SG-BS",2,56.11,3.57,4.66,5.59,6.49,5.09,3875,3875,19/10/2026,12,"PLFY-EP32VEM-E, PLFY-EP32VEM-E, PLFY-EP32VEM-E, PLFY-EP32VEM-E, PLFY-EP32VEM-E, PLFY-EP32VEM-E, PLFY-EP50VEM-E, PLFY-EP50VEM-E, PLFY-EP50VEM-E, PLFY-EP50VEM-E, PLFY-EP50VEM-E, PLFY-EP50VEM-E"
Mitsubishi Electric,"PUCY-P250YKE.TH-SG, PUCY-P250YKE.TH-SG-BS",4,28.55,4.28,5.45,6.68,6.40,5.84,2027,2027,18/10/2026,8,"PLFY-EP32VEM-E, PLFY-EP32VEM-E, PLFY-EP32VEM-E, PLFY-EP32VEM-E, PLFY-EP32VEM-E, PLFY-EP32VEM-E, PLFY-EP32VEM-E, PLFY-EP32VEM-E"
Mitsubishi Electric,"PUCY-P300YKE.TH-SG, PUCY-P300YKE.TH-SG-BS",3,33.55,3.93,5.07,6.33,7.11,5.60,2597,2597,18/10/2026,9,"PLFY-EP32VEM-E, PLFY-EP32VEM-E, PLFY-EP32VEM-E, PLFY-EP32VEM-E, PLFY-EP32VEM-E, PLFY-EP32VEM-E, PLFY-EP32VEM-E, PLFY-EP32VEM-E, PLFY-EP32VEM-E"
Mitsubishi Electric,"PUCY-P350YKD.TH, PUCY-P350YKD.TH-BS",3,40.00,4.51,5.49,5.77,4.90,5.46,2855,2855,31/03/2027,11,"PLFY-EP32VEM-E, PLFY-EP32VEM-E, PLFY-EP32VEM-E, PLFY-EP32VEM-E, PLFY-EP32VEM-E, PLFY-EP32VEM-E, PLFY-EP32VEM-E, PLFY-EP32VEM-E, PLFY-EP32VEM-E, PLFY-EP32VEM-E, PLFY-EP32VEM-E"
Mitsubishi Electric,"PUMY-CP250YBM-PA-BS, PUMY-CP250YBM-PA",2,28.47,4.41,5.02,5.48,3.25,4.90,1536,1536,11/05/2027,6,"PLFY-EP32VEM-E, PLFY-EP32VEM-E, PLFY-EP32VEM-E, PLFY-EP50VEM-E, PLFY-EP50VEM-E, PLFY-EP50VEM-E"
Mitsubishi Electric,"PUMY-CP200YKM2-PA, PUMY-CP200YKM2-PA-BS",3,22.56,3.84,5.55,6.00,3.82,5.41,1473,1473,14/08/2025,5,"PLFY-EP32VEM-E, PLFY-EP32VEM-E, PLFY-EP32VEM-E, PLFY-EP50VEM-E, PLFY-EP50VEM-E"
Mitsubishi Electric,"PUCY-P450YKE.TH-SG, PUCY-P450YKE.TH-SG-BS",2,48.25,3.46,4.48,5.57,6.15,4.93,3592,3592,19/10/2026,12,"PLFY-EP32VEM-E, PLFY-EP32VEM-E, PLFY-EP32VEM-E, PLFY-EP32VEM-E, PLFY-EP32VEM-E, PLFY-EP32VEM-E, PLFY-EP32VEM-E, PLFY-EP32VEM-E, PLFY-EP32VEM-E, PLFY-EP32VEM-E, PLFY-EP50VEM-E, PLFY-EP50VEM-E"
Mitsubishi Electric,"PUCY-EP450YKE.TH-SG, PUCY-EP450YKE.TH-SG-BS",3,48.09,4.23,5.00,6.07,6.54,5.43,3329,3329,19/10/2026,12,"PLFY-EP32VEM-E, PLFY-EP32VEM-E, PLFY-EP32VEM-E, PLFY-EP32VEM-E, PLFY-EP32VEM-E, PLFY-EP32VEM-E, PLFY-EP32VEM-E, PLFY-EP32VEM-E, PLFY-EP32VEM-E, PLFY-EP32VEM-E, PLFY-EP50VEM-E, PLFY-EP50VEM-E"
Mitsubishi Electric,"PUCY-EP350YKE.TH-SG, PUCY-EP350YKE.TH-SG-BS",5,40.43,4.74,5.80,6.63,7.26,6.16,2716,2716,18/10/2026,11,"PLFY-EP32VEM-E, PLFY-EP32VEM-E, PLFY-EP32VEM-E, PLFY-EP32VEM-E, PLFY-EP32VEM-E, PLFY-EP32VEM-E, PLFY-EP32VEM-E, PLFY-EP32VEM-E, PLFY-EP32VEM-E, PLFY-EP32VEM-E, PLFY-EP32VEM-E"
Mitsubishi Electric,"PUCY-P400YKE.TH-SG, PUCY-P400YKE.TH-SG-BS",2,44.02,3.99,4.76,5.75,5.98,5.13,3252,3252,19/10/2026,12,"PLFY-EP32VEM-E, PLFY-EP32VEM-E, PLFY-EP32VEM-E, PLFY-EP32VEM-E, PLFY-EP32VEM-E, PLFY-EP32VEM-E, PLFY-EP32VEM-E, PLFY-EP32VEM-E, PLFY-EP32VEM-E, PLFY-EP32VEM-E, PLFY-EP32VEM-E, PLFY-EP32VEM-E"
Mitsubishi Electric,"PUCY-P250YKD.TH, PUCY-P250YKD.TH-BS",4,28.00,4.38,5.53,6.44,6.08,5.79,1954,1954,31/03/2027,8,"PLFY-EP32VEM-E, PLFY-EP32VEM-E, PLFY-EP32VEM-E, PLFY-EP32VEM-E, PLFY-EP32VEM-E, PLFY-EP32VEM-E, PLFY-EP32VEM-E, PLFY-EP32VEM-E"
Mitsubishi Electric,"PUCY-P400YKD.TH, PUCY-P400YKD.TH-BS",2,44.00,3.90,4.84,5.69,5.68,5.13,3224,3224,31/03/2027,12,"PLFY-EP32VEM-E, PLFY-EP32VEM-E, PLFY-EP32VEM-E, PLFY-EP32VEM-E, PLFY-EP32VEM-E, PLFY-EP32VEM-E, PLFY-EP32VEM-E, PLFY-EP32VEM-E, PLFY-EP32VEM-E, PLFY-EP32VEM-E, PLFY-EP32VEM-E, PLFY-EP32VEM-E"
Mitsubishi Electric,"PUMY-CP225YKM-PA-BS, PUMY-CP225YKM-PA",3,25.50,4.10,5.27,6.12,4.07,5.30,1629,1629,31/03/2027,5,"PLFY-EP32VEM-E, PLFY-EP32VEM-E, PLFY-EP50VEM-E, PLFY-EP50VEM-E, PLFY-EP63VEM-E"
Mitsubishi Electric,"PUCY-P300YKD.TH, PUCY-P300YKD.TH-BS",3,33.50,4.11,5.14,6.01,5.01,5.31,2573,2573,31/03/2027,9,"PLFY-EP32VEM-E, PLFY-EP32VEM-E, PLFY-EP32VEM-E, PLFY-EP32VEM-E, PLFY-EP32VEM-E, PLFY-EP32VEM-E, PLFY-EP32VEM-E, PLFY-EP32VEM-E, PLFY-EP32VEM-E"
Mitsubishi Electric,"PUCY-P200YKD.TH, PUCY-P200YKD.TH-BS",4,22.40,4.62,5.67,6.58,5.36,5.83,1648,1648,31/03/2027,6,"PLFY-EP32VEM-E, PLFY-EP32VEM-E, PLFY-EP32VEM-E, PLFY-EP32VEM-E, PLFY-EP32VEM-E, PLFY-EP32VEM-E"
Mitsubishi Electric,"PUCY-P350YKE.TH-SG, PUCY-P350YKE.TH-SG-BS",3,40.02,4.19,4.89,5.99,5.85,5.26,3021,3021,19/10/2026,11,"PLFY-EP32VEM-E, PLFY-EP32VEM-E, PLFY-EP32VEM-E, PLFY-EP32VEM-E, PLFY-EP32VEM-E, PLFY-EP32VEM-E, PLFY-EP32VEM-E, PLFY-EP32VEM-E, PLFY-EP32VEM-E, PLFY-EP32VEM-E, PLFY-EP32VEM-E"
Mitsubishi Heavy Industries,"FDC560CKXZA2, FDCS560CKXZA2",1,56.10,2.93,4.17,5.78,6.12,4.77,3513,3513,24/08/2025,12,"FDT45KXZE1, FDT45KXZE1, FDT45KXZE1, FDT45KXZE1, FDT45KXZE1, FDT45KXZE1, FDT45KXZE1, FDT45KXZE1, FDT45KXZE1, FDT45KXZE1, FDT56KXZE1, FDT56KXZE1"
Mitsubishi Heavy Industries,FDC280CKXZA2-S8,4,27.67,4.54,5.48,6.95,5.77,5.85,1432,1432,02/11/2026,10,"FDT28KXZE1, FDT28KXZE1, FDT28KXZE1, FDT28KXZE1, FDT28KXZE1, FDT28KXZE1, FDT28KXZE1, FDT28KXZE1, FDT28KXZE1, FDT28KXZE1"
Mitsubishi Heavy Industries,"FDC280CKXZA2, FDCS280CKXZA2",1,26.60,3.37,4.20,5.36,5.67,4.64,1668,1668,10/05/2027,4,"FDT71KXZE1, FDT71KXZE1, FDT71KXZE1, FDT71KXZE1"
Mitsubishi Heavy Industries,"FDC400CKXZA2, FDCS400CKXZA2",3,40.61,3.90,5.14,6.49,4.06,5.30,2123,2123,24/08/2025,12,"FDT36KXZE1, FDT36KXZE1, FDT36KXZE1, FDT36KXZE1, FDT36KXZE1, FDT36KXZE1, FDT36KXZE1, FDT36KXZE1, FDT28KXZE1, FDT28KXZE1, FDT28KXZE1, FDT28KXZE1"
Mitsubishi Heavy Industries,"FDC500CKXZA2, FDCS500CKXZA2",2,47.98,3.14,4.20,4.98,8.31,4.88,2991,2991,10/05/2027,8,"FDT71KXZE1, FDT71KXZE1, FDT71KXZE1, FDT71KXZE1, FDT56KXZE1, FDT56KXZE1, FDT56KXZE1, FDT56KXZE1"
Mitsubishi Heavy Industries,"FDC140KXES6, FDCS140KXES6",1,13.42,2.89,4.20,4.31,8.18,4.70,998,998,04/04/2027,2,"FDT71KXZE1, FDT71KXZE1"
Mitsubishi Heavy Industries,"FDC335CKXZA2, FDCS335CKXZA2",3,33.68,4.21,5.37,6.42,5.41,5.60,1719,1719,24/08/2025,12,"FDT28KXZE1, FDT28KXZE1, FDT28KXZE1, FDT28KXZE1, FDT28KXZE1, FDT28KXZE1, FDT28KXZE1, FDT28KXZE1, FDT28KXZE1, FDT28KXZE1, FDT28KXZE1, FDT28KXZE1"
Mitsubishi Heavy Industries,"FDC280KXE6G, FDCS280KXE6G",1,28.25,3.82,4.68,5.45,3.32,4.68,1693,1693,12/07/2025,8,"FDT36KXZE1, FDT36KXZE1, FDT36KXZE1, FDT36KXZE1, FDT36KXZE1, FDT36KXZE1, FDT36KXZE1, FDT28KXZE1"
Natflow,NRV-316,2,45.00,3.88,5.17,5.73,4.48,5.19,2339,2339,15/10/2026,4,"VCS4-48, VCS4-48, VCS4-48, VCS4-48"
Natflow,NRV-310,3,28.00,4.27,5.59,5.86,4.64,5.51,1440,1440,25/09/2026,2,"VCS4-48, VCS4-48"
Natflow,NRV-312,3,33.50,4.05,5.45,5.80,4.58,5.40,1702,1702,21/09/2026,3,"VCS4-48, VCS4-48, VCS4-48"
Natflow,NRV-314,3,40.00,3.93,5.31,5.78,4.52,5.30,2017,2017,19/10/2026,4,"VCS4-48, VCS4-48, VCS4-48, VCS4-48"
Natflow,NRV-322,3,61.50,3.79,5.22,5.89,4.46,5.26,3096,3096,13/12/2026,5,"VCS4-48, VCS4-48, VCS4-48, VCS4-48, VCS4-48"
Natflow,NRV-308,4,25.20,4.47,5.82,6.03,4.77,5.71,1284,1284,22/08/2026,2,"VCS4-48, VCS4-48"
Panasonic,"U-20ME2R8, U-20ME2R8E",1,54.98,3.30,4.23,5.21,4.22,4.44,3719,3719,19/08/2024,12,"S-22MU2E5A, S-22MU2E5A, S-22MU2E5A, S-22MU2E5A, S-22MU2E5A, S-22MU2E5A, S-36MU2E5A, S-60MU2E5A, S-60MU2E5A, S-60MU2E5A, S-106MU2E5A, S-106MU2E5A"
Panasonic,"U-8ME2R8, U-8ME2R8E",5,22.75,4.71,6.00,7.25,6.08,6.28,1250,1250,19/08/2024,9,"S-22MU2E5A, S-28MU2E5A, S-36MU2E5A, S-22MU2E5A, S-22MU2E5A, S-22MU2E5A, S-22MU2E5A, S-22MU2E5A, S-28MU2E5A"
Panasonic,"U-14ME2R8, U-14ME2R8E",2,39.74,3.81,4.90,6.10,5.27,5.21,2580,2580,19/08/2024,12,"S-22MU2E5A, S-22MU2E5A, S-22MU2E5A, S-22MU2E5A, S-22MU2E5A, S-22MU2E5A, S-28MU2E5A, S-28MU2E5A, S-36MU2E5A, S-56MU2E5A, S-60MU2E5A, S-60MU2E5A"
Panasonic,U-4LE2R8,2,12.13,4.24,5.00,5.25,5.12,5.06,865,865,19/08/2024,4,"S-28MU2E5A, S-36MU2E5A, S-28MU2E5A, S-28MU2E5A"
Panasonic,U-8LE1R8,1,22.53,4.21,4.49,5.15,4.38,4.63,1530,1530,19/08/2024,5,"S-22MU2E5A, S-60MU2E5A, S-22MU2E5A, S-60MU2E5A, S-60MU2E5A"
Panasonic,U-6LE2R8,1,15.63,3.59,4.44,4.81,4.99,4.58,1102,1102,19/08/2024,4,"S-36MU2E5A, S-45MU2E5A, S-36MU2E5A, S-36MU2E5A"
Panasonic,U-10LE1R8,1,25.50,3.37,4.13,4.98,4.48,4.36,1771,1771,19/08/2024,6,"S-22MU2E5A, S-28MU2E5A, S-60MU2E5A, S-90MU2E5A, S-22MU2E5A, S-28MU2E5A"
Panasonic,"U-16ME2R8, U-16ME2R8E",1,44.48,3.44,4.47,5.64,4.87,4.78,2991,2991,19/08/2024,12,"S-22MU2E5A, S-22MU2E5A, S-22MU2E5A, S-22MU2E5A, S-22MU2E5A, S-22MU2E5A, S-22MU2E5A, S-60MU2E5A, S-60MU2E5A, S-60MU2E5A, S-60MU2E5A, S-56MU2E5A"
Panasonic,"U-12ME2R8, U-12ME2R8E",2,33.55,3.91,4.88,6.08,5.02,5.16,1939,1939,19/08/2024,12,"S-22MU2E5A, S-22MU2E5A, S-22MU2E5A, S-22MU2E5A, S-22MU2E5A, S-22MU2E5A, S-22MU2E5A, S-22MU2E5A, S-22MU2E5A, S-28MU2E5A, S-36MU2E5A, S-73MU2E5A"
Panasonic,"U-18ME2R8, U-18ME2R8E",1,49.09,3.42,4.42,5.37,4.35,4.62,3288,3288,19/08/2024,12,"S-22MU2E5A, S-22MU2E5A, S-22MU2E5A, S-22MU2E5A, S-22MU2E5A, S-22MU2E5A, S-22MU2E5A, S-22MU2E5A, S-22MU2E5A, S-106MU2E5A, S-106MU2E5A, S-90MU2E5A"
Panasonic,U-5LE2R8,1,13.76,3.70,4.48,4.90,5.02,4.63,1006,1006,22/08/2024,4,"S-36MU2E5A, S-36MU2E5A, S-36MU2E5A, S-36MU2E5A"
Panasonic,"U-10ME2R8, U-10ME2R8E",4,28.05,4.42,5.53,6.87,5.90,5.87,1548,1548,19/08/2024,11,"S-22MU2E5A, S-22MU2E5A, S-22MU2E5A, S-22MU2E5A, S-22MU2E5A, S-22MU2E5A, S-22MU2E5A, S-22MU2E5A, S-22MU2E5A, S-22MU2E5A, S-60MU2E5A"
Toshiba,MMY-MAP1407T8P-SG,2,38.87,3.29,4.53,5.80,5.17,4.89,2398,2398,31/03/2027,12,"MMU-AP0094HP1-E, MMU-AP0094HP1-E, MMU-AP0094HP1-E, MMU-AP0094HP1-E, MMU-AP0094HP1-E, MMU-AP0094HP1-E, MMU-AP0094HP1-E, MMU-AP0094HP1-E, MMU-AP0154HP1-E, MMU-AP0154HP1-E, MMU-AP0154HP1-E, MMU-AP0154HP1-E"
Toshiba,MMY-MUP0801T8P-SG,5,21.92,4.84,6.01,7.47,4.91,6.20,1329,1329,11/05/2025,8,"MMU-UP0092, MMU-UP0092, MMU-UP0092, MMU-UP0092, MMU-UP0092, MMU-UP0092, MMU-UP0092, MMU-UP0092"
Toshiba,MMY-MUP14A1T8P-SG,4,38.73,4.21,5.25,6.31,7.70,5.79,2378,2378,20/06/2025,12,"MMU-UP0092, MMU-UP0092, MMU-UP0092, MMU-UP0092, MMU-UP0092, MMU-UP0092, MMU-UP0092, MMU-UP0092, MMU-UP0151H-E, MMU-UP0151H-E, MMU-UP0151H-E, MMU-UP0181H-E"
Toshiba,MMY-MAP1807T8P-SG,2,49.79,3.62,4.51,5.92,6.30,5.05,2884,2884,31/03/2027,12,"MMU-AP0154HP1-E, MMU-AP0154HP1-E, MMU-AP0154HP1-E, MMU-AP0154HP1-E, MMU-AP0154HP1-E, MMU-AP0154HP1-E, MMU-AP0154HP1-E, MMU-AP0154HP1-E, MMU-AP0154HP1-E, MMU-AP0154HP1-E, MMU-AP0094HP1-E, MMU-AP0094HP1-E"
Toshiba,MCY-MHP1204HT8-1,2,33.24,2.95,4.51,6.01,4.71,4.86,2057,2057,31/03/2027,12,"MMU-AP0094HP1-E, MMU-AP0094HP1-E, MMU-AP0094HP1-E, MMU-AP0094HP1-E, MMU-AP0094HP1-E, MMU-AP0094HP1-E, MMU-AP0094HP1-E, MMU-AP0094HP1-E, MMU-AP0094HP1-E, MMU-AP0094HP1-E, MMU-AP0094HP1-E, MMU-AP0094HP1-E"
Toshiba,MMY-MAP14A7T8P-SG,3,41.18,3.99,5.20,6.11,6.23,5.52,2197,2197,31/03/2027,12,"MMU-AP0154HP1-E, MMU-AP0154HP1-E, MMU-AP0154HP1-E, MMU-AP0154HP1-E, MMU-AP0094HP1-E, MMU-AP0094HP1-E, MMU-AP0094HP1-E, MMU-AP0094HP1-E, MMU-AP0094HP1-E, MMU-AP0094HP1-E, MMU-AP0094HP1-E, MMU-AP0094HP1-E"
Toshiba,MMY-MUP2201T8P-SG,2,59.73,3.24,4.38,5.45,6.75,4.91,3652,3652,20/11/2025,12,"MMU-UP0151H-E, MMU-UP0151H-E, MMU-UP0151H-E, MMU-UP0151H-E, MMU-UP0151H-E, MMU-UP0151H-E, MMU-UP0151H-E, MMU-UP0151H-E, MMU-UP0241H-E, MMU-UP0241H-E, MMU-UP0241H-E, MMU-UP0241H-E"
Toshiba,MMY-MAP2007T8P-SG,2,54.40,3.47,4.66,6.26,6.46,5.24,3049,3049,31/03/2027,12,"MMU-AP0154HP1-E, MMU-AP0154HP1-E, MMU-AP0154HP1-E, MMU-AP0154HP1-E, MMU-AP0154HP1-E, MMU-AP0154HP1-E, MMU-AP0154HP1-E, MMU-AP0154HP1-E, MMU-AP0154HP1-E, MMU-AP0154HP1-E, MMU-AP0154HP1-E, MMU-AP0154HP1-E"
Toshiba,MMY-MAP2207T8P-SG,2,61.61,3.31,4.42,5.48,6.85,4.95,3715,3715,31/03/2027,12,"MMU-AP0154HP1-E, MMU-AP0154HP1-E, MMU-AP0154HP1-E, MMU-AP0154HP1-E, MMU-AP0154HP1-E, MMU-AP0184HP1-E, MMU-AP0184HP1-E, MMU-AP0184HP1-E, MMU-AP0184HP1-E, MMU-AP0184HP1-E, MMU-AP0184HP1-E, MMU-AP0184HP1-E"
Toshiba,MMY-MUP1001T8P-SG,4,27.26,4.19,5.75,7.29,5.85,6.10,1644,1644,20/06/2025,10,"MMU-UP0092, MMU-UP0092, MMU-UP0092, MMU-UP0092, MMU-UP0092, MMU-UP0092, MMU-UP0092, MMU-UP0092, MMU-UP0092, MMU-UP0092"
Toshiba,MMY-MUP1201T8P-SG,4,32.46,4.03,5.35,6.82,7.19,5.90,1998,1998,11/05/2025,12,"MMU-UP0092, MMU-UP0092, MMU-UP0092, MMU-UP0092, MMU-UP0092, MMU-UP0092, MMU-UP0092, MMU-UP0092, MMU-UP0092, MMU-UP0092, MMU-UP0092, MMU-UP0092"
Toshiba,MMY-MUP2401T8P-SG,2,65.36,3.10,4.18,5.39,7.28,4.83,3998,3998,20/11/2025,12,"MMU-UP0151H-E, MMU-UP0151H-E, MMU-UP0151H-E, MMU-UP0151H-E, MMU-UP0151H-E, MMU-UP0151H-E, MMU-UP0241H-E, MMU-UP0241H-E, MMU-UP0241H-E, MMU-UP0241H-E, MMU-UP0241H-E, MMU-UP0241H-E"
Toshiba,MMY-MUP1801T8P-SG,2,48.11,3.30,4.62,5.62,7.50,5.19,3057,3057,20/06/2025,12,"MMU-UP0092, MMU-UP0151H-E, MMU-UP0151H-E, MMU-UP0151H-E, MMU-UP0151H-E, MMU-UP0151H-E, MMU-UP0151H-E, MMU-UP0151H-E, MMU-UP0151H-E, MMU-UP0151H-E, MMU-UP0151H-E, MMU-UP0151H-E"
Toshiba,MCY-MHP1004HT8-1,2,28.10,3.09,4.57,5.89,4.26,4.82,1734,1734,31/03/2027,10,"MMU-AP0094HP1-E, MMU-AP0094HP1-E, MMU-AP0094HP1-E, MMU-AP0094HP1-E, MMU-AP0094HP1-E, MMU-AP0094HP1-E, MMU-AP0094HP1-E, MMU-AP0094HP1-E, MMU-AP0094HP1-E, MMU-AP0094HP1-E"
Toshiba,MMY-MAP1607T8P-SG,2,43.63,4.29,4.68,5.55,6.65,5.13,2583,2583,31/03/2027,12,"MMU-AP0154HP1E, MMU-AP0154HP1E, MMU-AP0154HP1E, MMU-AP0154HP1E, MMU-AP0154HP1E, MMU-AP0154HP1E, MMU-AP0154HP1E, MMU-AP0094HP1E, MMU-AP0094HP1E, MMU-AP0094HP1E, MMU-AP0094HP1E, MMU-AP0094HP1E"
Toshiba,MMY-MUP2601T8P-SG,1,71.41,2.86,3.90,5.05,6.18,4.44,4637,4637,20/11/2025,12,"MMU-UP0151H-E, MMU-UP0151H-E, MMU-UP0151H-E, MMU-UP0151H-E, MMU-UP0241H-E, MMU-UP0241H-E, MMU-UP0241H-E, MMU-UP0241H-E, MMU-UP0241H-E, MMU-UP0241H-E, MMU-UP0241H-E, MMU-UP0241H-E"
Toshiba,MMY-MUP2001T8P-SG,2,53.62,3.21,4.33,5.86,7.61,5.08,3441,3441,20/06/2025,12,"MMU-UP0151H-E, MMU-UP0151H-E, MMU-UP0151H-E, MMU-UP0151H-E, MMU-UP0151H-E, MMU-UP0151H-E, MMU-UP0151H-E, MMU-UP0151H-E, MMU-UP0181H-E, MMU-UP0181H-E, MMU-UP0181H-E, MMU-UP0181H-E"
Toshiba,MMY-MAP1007T8P-SG,4,27.29,3.97,5.25,6.80,6.25,5.72,1537,1537,31/03/2027,10,"MMU-AP0094HP1E, MMU-AP0094HP1E, MMU-AP0094HP1E, MMU-AP0094HP1E, MMU-AP0094HP1E, MMU-AP0094HP1E, MMU-AP0094HP1E, MMU-AP0094HP1E, MMU-AP0094HP1E, MMU-AP0094HP1E"
Toshiba,MMY-MUP1601T8P-SG,4,43.64,3.81,5.20,6.22,7.52,5.70,2636,2636,20/06/2025,12,"MMU-UP0092, MMU-UP0092, MMU-UP0092, MMU-UP0092, MMU-UP0151H-E, MMU-UP0151H-E, MMU-UP0151H-E, MMU-UP0151H-E, MMU-UP0151H-E, MMU-UP0151H-E, MMU-UP0151H-E, MMU-UP0151H-E"
Toshiba,MMY-MAP0807T8P-SG,5,21.31,4.34,6.04,7.83,5.66,6.38,1175,1175,31/03/2027,8,"MMU-AP0094HP1-E, MMU-AP0094HP1-E, MMU-AP0094HP1-E, MMU-AP0094HP1-E, MMU-AP0094HP1-E, MMU-AP0094HP1-E, MMU-AP0094HP1-E, MMU-AP0094HP1-E"
Toshiba,MCY-MHP0805HT8-SG,3,22.39,3.36,4.96,6.58,7.00,5.57,1336,1336,31/03/2027,8,"MMU-AP0094HP1-E, MMU-AP0094HP1-E, MMU-AP0094HP1-E, MMU-AP0094HP1-E, MMU-AP0094HP1-E, MMU-AP0094HP1-E, MMU-AP0094HP1-E, MMU-AP0094HP1-E"
Toshiba,MMY-MAP1207T8P-SG,3,33.26,3.92,4.86,6.30,6.66,5.41,1974,1974,31/03/2027,12,"MMU-AP0094HP1-E, MMU-AP0094HP1-E, MMU-AP0094HP1-E, MMU-AP0094HP1-E, MMU-AP0094HP1-E, MMU-AP0094HP1-E, MMU-AP0094HP1-E, MMU-AP0094HP1-E, MMU-AP0094HP1-E, MMU-AP0094HP1-E, MMU-AP0094HP1-E, MMU-AP0094HP1-E"
Toshiba,MMY-MAP2407T8P-SG,2,65.47,3.27,4.15,5.99,7.06,4.93,3975,3975,04/04/2027,12,"MMU-AP0184HP1-E, MMU-AP0184HP1-E, MMU-AP0184HP1-E, MMU-AP0184HP1-E, MMU-AP0184HP1-E, MMU-AP0184HP1-E, MMU-AP0184HP1-E, MMU-AP0184HP1-E, MMU-AP0184HP1-E, MMU-AP0184HP1-E, MMU-AP0184HP1-E, MMU-AP0184HP1-E"
Toshiba,MMY-MUP1401T8P-SG,3,38.71,3.68,4.93,6.05,7.19,5.45,2477,2477,11/05/2025,12,"MMU-UP0092, MMU-UP0092, MMU-UP0092, MMU-UP0092, MMU-UP0092, MMU-UP0092, MMU-UP0092, MMU-UP0092, MMU-UP0151H-E, MMU-UP0151H-E, MMU-UP0151H-E, MMU-UP0181H-E"
Trane,TMC160ADE,1,44.62,3.31,4.38,4.84,5.15,4.56,2732,2732,11/01/2025,8,"MWC056AMNNNB, MWC056AMNNNB, MWC056AMNNNB, MWC056AMNNNB, MWC056AMNNNB, MWC056AMNNNB, MWC056AMNNNB, MWC056AMNNNB"
